id,timestamp,x,y,theta
17,2025-04-29 21:45:12.423236,0.3016,0.2125,284.5536
3,2025-04-29 21:45:12.423236,0.5797,0.5229,2.9357
1,2025-04-29 21:45:12.423236,0.4234,0.6687,84.8572
17,2025-04-29 21:45:12.552516,0.3016,0.2125,284.5536
3,2025-04-29 21:45:12.552516,0.5797,0.5229,2.9357
1,2025-04-29 21:45:12.552516,0.4234,0.6687,84.8572
17,2025-04-29 21:45:12.605380,0.3016,0.2125,284.5536
3,2025-04-29 21:45:12.605380,0.5797,0.5229,2.9357
1,2025-04-29 21:45:12.605380,0.4234,0.6687,84.8572
17,2025-04-29 21:45:12.630497,0.3016,0.2125,284.5536
3,2025-04-29 21:45:12.630497,0.5797,0.5229,2.9357
1,2025-04-29 21:45:12.630497,0.4234,0.6687,84.8572
17,2025-04-29 21:45:12.660844,0.3016,0.2125,284.5536
3,2025-04-29 21:45:12.660844,0.5797,0.5229,2.9357
1,2025-04-29 21:45:12.660844,0.4234,0.6687,84.8572
17,2025-04-29 21:45:12.685423,0.3016,0.2125,284.5536
3,2025-04-29 21:45:12.685423,0.5797,0.5229,2.9357
1,2025-04-29 21:45:12.685423,0.4234,0.6687,84.8572
17,2025-04-29 21:45:12.710862,0.3016,0.2125,284.5536
3,2025-04-29 21:45:12.710862,0.5797,0.5229,2.9357
1,2025-04-29 21:45:12.710862,0.4234,0.6687,84.8572
17,2025-04-29 21:45:12.732434,0.3016,0.2125,284.5536
3,2025-04-29 21:45:12.732434,0.5797,0.5229,2.9357
1,2025-04-29 21:45:12.732434,0.4234,0.6687,84.8572
17,2025-04-29 21:45:12.755618,0.3016,0.2125,284.5536
3,2025-04-29 21:45:12.755618,0.5797,0.5229,2.9357
1,2025-04-29 21:45:12.755618,0.4234,0.6687,84.8572
17,2025-04-29 21:45:12.779398,0.3016,0.2125,284.5536
3,2025-04-29 21:45:12.779398,0.5797,0.5229,2.9357
1,2025-04-29 21:45:12.779398,0.4234,0.6687,84.8572
17,2025-04-29 21:45:12.808664,0.3016,0.2125,284.5536
3,2025-04-29 21:45:12.808664,0.5797,0.5229,2.9357
1,2025-04-29 21:45:12.808664,0.4234,0.6687,84.8572
17,2025-04-29 21:45:12.834899,0.3016,0.2125,284.5536
3,2025-04-29 21:45:12.834899,0.5797,0.5229,2.9357
1,2025-04-29 21:45:12.834899,0.4234,0.6687,84.8572
17,2025-04-29 21:45:12.985762,0.3016,0.2125,284.5536
3,2025-04-29 21:45:12.985762,0.5797,0.5229,2.9357
1,2025-04-29 21:45:12.985762,0.4234,0.6687,84.8572
17,2025-04-29 21:45:13.168163,0.3016,0.2125,284.5536
3,2025-04-29 21:45:13.168163,0.5797,0.5229,2.9357
1,2025-04-29 21:45:13.168163,0.4234,0.6687,84.8572
17,2025-04-29 21:45:13.344337,0.3016,0.2125,284.5536
3,2025-04-29 21:45:13.344337,0.5797,0.5229,2.9357
1,2025-04-29 21:45:13.344337,0.4234,0.6687,84.8572
17,2025-04-29 21:45:13.468488,0.3016,0.2125,284.5536
3,2025-04-29 21:45:13.468488,0.5797,0.5229,2.9357
1,2025-04-29 21:45:13.468488,0.4234,0.6687,84.8572
17,2025-04-29 21:45:13.605086,0.3016,0.2125,284.5536
3,2025-04-29 21:45:13.605086,0.5797,0.5229,2.9357
1,2025-04-29 21:45:13.605086,0.4234,0.6687,84.8572
17,2025-04-29 21:45:13.818810,0.3016,0.2125,284.5536
3,2025-04-29 21:45:13.818810,0.5797,0.5229,2.9357
1,2025-04-29 21:45:13.818810,0.4234,0.6687,84.8572
17,2025-04-29 21:45:13.944488,0.3016,0.2125,284.5536
3,2025-04-29 21:45:13.944488,0.5797,0.5229,2.9357
1,2025-04-29 21:45:13.944488,0.4234,0.6687,84.8572
17,2025-04-29 21:45:14.067776,0.3016,0.2125,284.5536
3,2025-04-29 21:45:14.067776,0.5797,0.5229,2.9357
1,2025-04-29 21:45:14.067776,0.4234,0.6687,84.8572
17,2025-04-29 21:45:14.256462,0.3016,0.2125,284.5536
3,2025-04-29 21:45:14.256462,0.5797,0.5229,2.9357
1,2025-04-29 21:45:14.256462,0.4234,0.6687,84.8572
17,2025-04-29 21:45:14.350877,0.3016,0.2125,284.5536
3,2025-04-29 21:45:14.350877,0.5797,0.5229,2.9357
1,2025-04-29 21:45:14.350877,0.4234,0.6687,84.8572
17,2025-04-29 21:45:14.460852,0.3016,0.2125,284.5536
3,2025-04-29 21:45:14.460852,0.5797,0.5229,2.9357
1,2025-04-29 21:45:14.460852,0.4234,0.6687,84.8572
17,2025-04-29 21:45:14.598659,0.3016,0.2125,284.5536
3,2025-04-29 21:45:14.598659,0.5797,0.5229,2.9357
1,2025-04-29 21:45:14.598659,0.4234,0.6687,84.8572
17,2025-04-29 21:45:14.723572,0.3016,0.2125,284.5536
3,2025-04-29 21:45:14.723572,0.5797,0.5229,2.9357
1,2025-04-29 21:45:14.723572,0.4234,0.6687,84.8572
17,2025-04-29 21:45:14.895139,0.3016,0.2125,284.5536
3,2025-04-29 21:45:14.895139,0.5797,0.5229,2.9357
1,2025-04-29 21:45:14.895139,0.4234,0.6687,84.8572
17,2025-04-29 21:45:15.052111,0.3016,0.2125,284.5536
3,2025-04-29 21:45:15.052111,0.5797,0.5229,2.9357
1,2025-04-29 21:45:15.052111,0.4234,0.6687,84.8572
17,2025-04-29 21:45:15.181198,0.3016,0.2125,284.5536
3,2025-04-29 21:45:15.181198,0.5797,0.5229,2.9357
1,2025-04-29 21:45:15.181198,0.4234,0.6687,84.8572
17,2025-04-29 21:45:15.344428,0.3016,0.2125,284.5536
3,2025-04-29 21:45:15.344428,0.5797,0.5229,2.9357
1,2025-04-29 21:45:15.344428,0.4234,0.6687,84.8572
17,2025-04-29 21:45:15.449039,0.3016,0.2125,284.5536
3,2025-04-29 21:45:15.449039,0.5797,0.5229,2.9357
1,2025-04-29 21:45:15.449039,0.4234,0.6687,84.8572
17,2025-04-29 21:45:15.556045,0.3016,0.2125,284.5536
3,2025-04-29 21:45:15.556045,0.5797,0.5229,2.9357
1,2025-04-29 21:45:15.556045,0.4234,0.6687,84.8572
17,2025-04-29 21:45:15.725906,0.3016,0.2125,284.5536
3,2025-04-29 21:45:15.725906,0.5797,0.5229,2.9357
1,2025-04-29 21:45:15.725906,0.4234,0.6687,84.8572
17,2025-04-29 21:45:15.841857,0.3016,0.2125,284.5536
3,2025-04-29 21:45:15.841857,0.5797,0.5229,2.9357
1,2025-04-29 21:45:15.841857,0.4234,0.6687,84.8572
17,2025-04-29 21:45:15.918889,0.3016,0.2125,284.5536
3,2025-04-29 21:45:15.918889,0.5797,0.5229,2.9357
1,2025-04-29 21:45:15.918889,0.4234,0.6687,84.8572
17,2025-04-29 21:45:16.076888,0.3016,0.2125,284.5536
3,2025-04-29 21:45:16.076888,0.5797,0.5229,2.9357
1,2025-04-29 21:45:16.076888,0.4234,0.6687,84.8572
17,2025-04-29 21:45:16.280539,0.3016,0.2125,284.5536
3,2025-04-29 21:45:16.280539,0.5797,0.5229,2.9357
1,2025-04-29 21:45:16.280539,0.4234,0.6687,84.8572
17,2025-04-29 21:45:16.381795,0.3016,0.2125,284.5536
3,2025-04-29 21:45:16.381795,0.5797,0.5229,2.9357
1,2025-04-29 21:45:16.381795,0.4234,0.6687,84.8572
17,2025-04-29 21:45:16.473655,0.3016,0.2125,284.5536
3,2025-04-29 21:45:16.473655,0.5797,0.5229,2.9357
1,2025-04-29 21:45:16.473655,0.4234,0.6687,84.8572
17,2025-04-29 21:45:16.597209,0.3016,0.2125,284.5536
3,2025-04-29 21:45:16.597209,0.5797,0.5229,2.9357
1,2025-04-29 21:45:16.597209,0.4234,0.6687,84.8572
17,2025-04-29 21:45:16.683377,0.3016,0.2125,284.5536
3,2025-04-29 21:45:16.683377,0.5797,0.5229,2.9357
1,2025-04-29 21:45:16.683377,0.4234,0.6687,84.8572
17,2025-04-29 21:45:16.813884,0.3016,0.2125,284.5536
3,2025-04-29 21:45:16.813884,0.5797,0.5229,2.9357
1,2025-04-29 21:45:16.813884,0.4234,0.6687,84.8572
17,2025-04-29 21:45:16.940001,0.3016,0.2125,284.5536
3,2025-04-29 21:45:16.940001,0.5797,0.5229,2.9357
1,2025-04-29 21:45:16.940001,0.4234,0.6687,84.8572
17,2025-04-29 21:45:17.029374,0.3016,0.2125,284.5536
3,2025-04-29 21:45:17.029374,0.5797,0.5229,2.9357
1,2025-04-29 21:45:17.029374,0.4234,0.6687,84.8572
17,2025-04-29 21:45:17.201686,0.3016,0.2125,284.5536
3,2025-04-29 21:45:17.201686,0.5797,0.5229,2.9357
1,2025-04-29 21:45:17.201686,0.4234,0.6687,84.8572
17,2025-04-29 21:45:17.295017,0.3016,0.2125,284.5536
3,2025-04-29 21:45:17.295017,0.5797,0.5229,2.9357
1,2025-04-29 21:45:17.295017,0.4234,0.6687,84.8572
17,2025-04-29 21:45:17.451699,0.3016,0.2125,284.5536
3,2025-04-29 21:45:17.451699,0.5797,0.5229,2.9357
1,2025-04-29 21:45:17.451699,0.4234,0.6687,84.8572
17,2025-04-29 21:45:17.524439,0.3016,0.2125,284.5536
3,2025-04-29 21:45:17.524439,0.5797,0.5229,2.9357
1,2025-04-29 21:45:17.524439,0.4234,0.6687,84.8572
17,2025-04-29 21:45:17.655794,0.3016,0.2125,284.5536
3,2025-04-29 21:45:17.655794,0.5797,0.5229,2.9357
1,2025-04-29 21:45:17.655794,0.4234,0.6687,84.8572
17,2025-04-29 21:45:17.826387,0.3016,0.2125,284.5536
3,2025-04-29 21:45:17.826387,0.5797,0.5229,2.9357
1,2025-04-29 21:45:17.826387,0.4234,0.6687,84.8572
17,2025-04-29 21:45:17.898928,0.3016,0.2125,284.5536
3,2025-04-29 21:45:17.898928,0.5797,0.5229,2.9357
1,2025-04-29 21:45:17.898928,0.4234,0.6687,84.8572
17,2025-04-29 21:45:18.028412,0.3016,0.2125,284.5536
3,2025-04-29 21:45:18.028412,0.5797,0.5229,2.9357
1,2025-04-29 21:45:18.028412,0.4234,0.6687,84.8572
17,2025-04-29 21:45:18.148790,0.3016,0.2125,284.5536
3,2025-04-29 21:45:18.148790,0.5797,0.5229,2.9357
1,2025-04-29 21:45:18.148790,0.4234,0.6687,84.8572
17,2025-04-29 21:45:18.310735,0.3016,0.2125,284.5536
3,2025-04-29 21:45:18.310735,0.5797,0.5229,2.9357
1,2025-04-29 21:45:18.310735,0.4234,0.6687,84.8572
17,2025-04-29 21:45:18.474062,0.3016,0.2125,284.5536
3,2025-04-29 21:45:18.474062,0.5797,0.5229,2.9357
1,2025-04-29 21:45:18.474062,0.4234,0.6687,84.8572
17,2025-04-29 21:45:18.574971,0.3016,0.2125,284.5536
3,2025-04-29 21:45:18.574971,0.5797,0.5229,2.9357
1,2025-04-29 21:45:18.574971,0.4234,0.6687,84.8572
17,2025-04-29 21:45:18.695040,0.3016,0.2125,284.5536
3,2025-04-29 21:45:18.695040,0.5797,0.5229,2.9357
1,2025-04-29 21:45:18.695040,0.4234,0.6687,84.8572
17,2025-04-29 21:45:18.762576,0.3016,0.2125,284.5536
3,2025-04-29 21:45:18.762576,0.5797,0.5229,2.9357
1,2025-04-29 21:45:18.762576,0.4234,0.6687,84.8572
17,2025-04-29 21:45:18.923431,0.3016,0.2125,284.5536
3,2025-04-29 21:45:18.923431,0.5797,0.5229,2.9357
1,2025-04-29 21:45:18.923431,0.4234,0.6687,84.8572
17,2025-04-29 21:45:19.096858,0.3016,0.2125,284.5536
3,2025-04-29 21:45:19.096858,0.5797,0.5229,2.9357
1,2025-04-29 21:45:19.096858,0.4234,0.6687,84.8572
17,2025-04-29 21:45:19.212423,0.3016,0.2125,284.5536
3,2025-04-29 21:45:19.212423,0.5797,0.5229,2.9357
1,2025-04-29 21:45:19.212423,0.4234,0.6687,84.8572
17,2025-04-29 21:45:19.317002,0.3016,0.2125,284.5536
3,2025-04-29 21:45:19.317002,0.5797,0.5229,2.9357
1,2025-04-29 21:45:19.317002,0.4234,0.6687,84.8572
17,2025-04-29 21:45:19.479765,0.3016,0.2125,284.5536
3,2025-04-29 21:45:19.479765,0.5797,0.5229,2.9357
1,2025-04-29 21:45:19.479765,0.4234,0.6687,84.8572
17,2025-04-29 21:45:19.561862,0.3016,0.2125,284.5536
3,2025-04-29 21:45:19.561862,0.5797,0.5229,2.9357
1,2025-04-29 21:45:19.561862,0.4234,0.6687,84.8572
17,2025-04-29 21:45:19.704944,0.3016,0.2125,284.5536
3,2025-04-29 21:45:19.704944,0.5797,0.5229,2.9357
1,2025-04-29 21:45:19.704944,0.4234,0.6687,84.8572
17,2025-04-29 21:45:19.884844,0.3016,0.2125,284.5536
3,2025-04-29 21:45:19.884844,0.5797,0.5229,2.9357
1,2025-04-29 21:45:19.884844,0.4234,0.6687,84.8572
17,2025-04-29 21:45:20.057115,0.3016,0.2125,284.5536
3,2025-04-29 21:45:20.057115,0.5797,0.5229,2.9357
1,2025-04-29 21:45:20.057115,0.4234,0.6687,84.8572
17,2025-04-29 21:45:20.153493,0.3016,0.2125,284.5536
3,2025-04-29 21:45:20.153493,0.5797,0.5229,2.9357
1,2025-04-29 21:45:20.153493,0.4234,0.6687,84.8572
17,2025-04-29 21:45:20.272181,0.3016,0.2125,284.5536
3,2025-04-29 21:45:20.272181,0.5797,0.5229,2.9357
1,2025-04-29 21:45:20.272181,0.4234,0.6687,84.8572
17,2025-04-29 21:45:20.397201,0.3016,0.2125,284.5536
3,2025-04-29 21:45:20.397201,0.5797,0.5229,2.9357
1,2025-04-29 21:45:20.397201,0.4234,0.6687,84.8572
17,2025-04-29 21:45:20.540521,0.3016,0.2125,284.5536
3,2025-04-29 21:45:20.540521,0.5797,0.5229,2.9357
1,2025-04-29 21:45:20.540521,0.4234,0.6687,84.8572
17,2025-04-29 21:45:20.694051,0.3016,0.2125,284.5536
3,2025-04-29 21:45:20.694051,0.5797,0.5229,2.9357
1,2025-04-29 21:45:20.694051,0.4234,0.6687,84.8572
17,2025-04-29 21:45:20.824861,0.3016,0.2125,284.5536
3,2025-04-29 21:45:20.824861,0.5797,0.5229,2.9357
1,2025-04-29 21:45:20.824861,0.4234,0.6687,84.8572
17,2025-04-29 21:45:20.906214,0.3016,0.2125,284.5536
3,2025-04-29 21:45:20.906214,0.5797,0.5229,2.9357
1,2025-04-29 21:45:20.906214,0.4234,0.6687,84.8572
17,2025-04-29 21:45:21.069634,0.3016,0.2125,284.5536
3,2025-04-29 21:45:21.069634,0.5797,0.5229,2.9357
1,2025-04-29 21:45:21.069634,0.4234,0.6687,84.8572
17,2025-04-29 21:45:21.173444,0.3016,0.2125,284.5536
3,2025-04-29 21:45:21.173444,0.5797,0.5229,2.9357
1,2025-04-29 21:45:21.173444,0.4234,0.6687,84.8572
17,2025-04-29 21:45:21.361344,0.3016,0.2125,284.5536
3,2025-04-29 21:45:21.361344,0.5797,0.5229,2.9357
1,2025-04-29 21:45:21.361344,0.4234,0.6687,84.8572
17,2025-04-29 21:45:21.536690,0.3016,0.2125,284.5536
3,2025-04-29 21:45:21.536690,0.5797,0.5229,2.9357
1,2025-04-29 21:45:21.536690,0.4234,0.6687,84.8572
17,2025-04-29 21:45:21.645837,0.3016,0.2125,284.5536
3,2025-04-29 21:45:21.645837,0.5797,0.5229,2.9357
1,2025-04-29 21:45:21.645837,0.4234,0.6687,84.8572
17,2025-04-29 21:45:21.761769,0.3016,0.2125,284.5536
3,2025-04-29 21:45:21.761769,0.5797,0.5229,5.856
1,2025-04-29 21:45:21.761769,0.4234,0.6687,84.8572
17,2025-04-29 21:45:21.886717,0.3016,0.2125,284.5536
3,2025-04-29 21:45:21.886717,0.5797,0.5229,2.9357
1,2025-04-29 21:45:21.886717,0.4234,0.6687,84.8572
17,2025-04-29 21:45:21.978097,0.3016,0.2125,284.5536
3,2025-04-29 21:45:21.978097,0.5797,0.5229,2.9357
1,2025-04-29 21:45:21.978097,0.4234,0.6687,84.8572
17,2025-04-29 21:45:22.120594,0.3016,0.2125,284.5536
3,2025-04-29 21:45:22.120594,0.5797,0.5229,2.9357
1,2025-04-29 21:45:22.120594,0.4234,0.6687,84.8572
17,2025-04-29 21:45:22.217251,0.3016,0.2125,284.5536
3,2025-04-29 21:45:22.217251,0.5797,0.5229,2.9357
1,2025-04-29 21:45:22.217251,0.4234,0.6687,84.8572
17,2025-04-29 21:45:22.357909,0.3016,0.2125,284.5536
3,2025-04-29 21:45:22.357909,0.5797,0.5229,2.9357
1,2025-04-29 21:45:22.357909,0.4234,0.6687,84.8572
17,2025-04-29 21:45:22.498351,0.3016,0.2125,284.5536
3,2025-04-29 21:45:22.498351,0.5797,0.5229,2.9357
1,2025-04-29 21:45:22.498351,0.4234,0.6687,84.8572
17,2025-04-29 21:45:22.584722,0.3016,0.2125,284.5536
3,2025-04-29 21:45:22.584722,0.5797,0.5229,5.856
1,2025-04-29 21:45:22.584722,0.4234,0.6687,84.8572
17,2025-04-29 21:45:22.735105,0.3016,0.2125,284.5536
3,2025-04-29 21:45:22.735105,0.5797,0.5229,2.9357
1,2025-04-29 21:45:22.735105,0.4234,0.6687,84.8572
17,2025-04-29 21:45:22.831271,0.3016,0.2125,284.5536
3,2025-04-29 21:45:22.831271,0.5797,0.5229,2.9357
1,2025-04-29 21:45:22.831271,0.4234,0.6687,84.8572
17,2025-04-29 21:45:22.943402,0.3016,0.2125,284.5536
3,2025-04-29 21:45:22.943402,0.5797,0.5229,2.9357
1,2025-04-29 21:45:22.943402,0.4234,0.6687,84.8572
17,2025-04-29 21:45:23.088922,0.3016,0.2125,284.5536
3,2025-04-29 21:45:23.088922,0.5797,0.5229,2.9357
1,2025-04-29 21:45:23.088922,0.4234,0.6687,84.8572
17,2025-04-29 21:45:23.278037,0.3016,0.2125,284.5536
3,2025-04-29 21:45:23.278037,0.5797,0.5229,2.9357
1,2025-04-29 21:45:23.278037,0.4234,0.6687,84.8572
17,2025-04-29 21:45:23.432136,0.3016,0.2125,284.5536
3,2025-04-29 21:45:23.432136,0.5797,0.5229,2.9357
1,2025-04-29 21:45:23.432136,0.4234,0.6687,84.8572
17,2025-04-29 21:45:23.600054,0.3016,0.2125,284.5536
3,2025-04-29 21:45:23.600054,0.5797,0.5229,2.9357
1,2025-04-29 21:45:23.600054,0.4234,0.6687,84.8572
17,2025-04-29 21:45:23.705839,0.3016,0.2125,284.5536
3,2025-04-29 21:45:23.705839,0.5797,0.5229,2.9357
1,2025-04-29 21:45:23.705839,0.4234,0.6687,84.8572
17,2025-04-29 21:45:23.859268,0.3016,0.2125,284.5536
3,2025-04-29 21:45:23.859268,0.5797,0.5229,2.9357
1,2025-04-29 21:45:23.859268,0.4234,0.6687,84.8572
17,2025-04-29 21:45:23.991716,0.3016,0.2125,284.5536
3,2025-04-29 21:45:23.991716,0.5797,0.5229,2.9357
1,2025-04-29 21:45:23.991716,0.4234,0.6687,84.8572
17,2025-04-29 21:45:24.132429,0.3016,0.2125,284.5536
3,2025-04-29 21:45:24.132429,0.5797,0.5229,2.9357
1,2025-04-29 21:45:24.132429,0.4234,0.6687,84.8572
17,2025-04-29 21:45:24.269482,0.3016,0.2125,284.5536
3,2025-04-29 21:45:24.269482,0.5797,0.5229,5.856
1,2025-04-29 21:45:24.269482,0.4234,0.6687,84.8572
17,2025-04-29 21:45:24.375207,0.3016,0.2125,284.5536
3,2025-04-29 21:45:24.375207,0.5797,0.5229,2.9357
1,2025-04-29 21:45:24.375207,0.4234,0.6687,84.8572
17,2025-04-29 21:45:24.519204,0.3016,0.2125,284.5536
3,2025-04-29 21:45:24.519204,0.5797,0.5229,2.9357
1,2025-04-29 21:45:24.519204,0.4234,0.6687,84.8572
17,2025-04-29 21:45:24.662962,0.3016,0.2125,284.5536
3,2025-04-29 21:45:24.662962,0.5797,0.5229,2.9357
1,2025-04-29 21:45:24.662962,0.4234,0.6687,84.8572
17,2025-04-29 21:45:24.737514,0.3016,0.2125,284.5536
3,2025-04-29 21:45:24.737514,0.5797,0.5229,2.9357
1,2025-04-29 21:45:24.737514,0.4234,0.6687,84.8572
17,2025-04-29 21:45:24.856461,0.3016,0.2125,284.5536
3,2025-04-29 21:45:24.856461,0.5797,0.5229,2.9357
1,2025-04-29 21:45:24.856461,0.4234,0.6687,84.8572
17,2025-04-29 21:45:25.009572,0.3016,0.2125,284.5536
3,2025-04-29 21:45:25.009572,0.5797,0.5229,2.9357
1,2025-04-29 21:45:25.009572,0.4234,0.6687,84.8572
17,2025-04-29 21:45:25.089595,0.3016,0.2125,284.5536
3,2025-04-29 21:45:25.089595,0.5797,0.5229,2.9357
1,2025-04-29 21:45:25.089595,0.4234,0.6687,84.8572
17,2025-04-29 21:45:25.225340,0.3016,0.2125,284.5536
3,2025-04-29 21:45:25.225340,0.5797,0.5229,2.9357
1,2025-04-29 21:45:25.225340,0.4234,0.6687,84.8572
17,2025-04-29 21:45:25.344451,0.3016,0.2125,284.5536
3,2025-04-29 21:45:25.344451,0.5797,0.5229,2.9357
1,2025-04-29 21:45:25.344451,0.4234,0.6687,84.8572
17,2025-04-29 21:45:25.497385,0.3016,0.2125,284.5536
3,2025-04-29 21:45:25.497385,0.5797,0.5229,2.9357
1,2025-04-29 21:45:25.497385,0.4234,0.6687,84.8572
17,2025-04-29 21:45:25.628412,0.3016,0.2125,284.5536
3,2025-04-29 21:45:25.628412,0.5797,0.5229,2.9357
1,2025-04-29 21:45:25.628412,0.4234,0.6687,84.8572
17,2025-04-29 21:45:25.809377,0.3016,0.2125,284.5536
3,2025-04-29 21:45:25.809377,0.5797,0.5229,2.9357
1,2025-04-29 21:45:25.809377,0.4234,0.6687,84.8572
17,2025-04-29 21:45:25.987547,0.3016,0.2125,284.5536
3,2025-04-29 21:45:25.987547,0.5797,0.5229,2.9357
1,2025-04-29 21:45:25.987547,0.4234,0.6687,84.8572
17,2025-04-29 21:45:26.140764,0.3016,0.2125,284.5536
3,2025-04-29 21:45:26.140764,0.5797,0.5229,2.9357
1,2025-04-29 21:45:26.140764,0.4234,0.6687,84.8572
17,2025-04-29 21:45:26.273986,0.3016,0.2125,284.5536
3,2025-04-29 21:45:26.273986,0.5797,0.5229,2.9357
1,2025-04-29 21:45:26.273986,0.4234,0.6687,84.8572
17,2025-04-29 21:45:26.441525,0.3016,0.2125,284.5536
3,2025-04-29 21:45:26.441525,0.5797,0.5229,2.9357
1,2025-04-29 21:45:26.441525,0.4234,0.6687,84.8572
17,2025-04-29 21:45:26.560602,0.3016,0.2125,284.5536
3,2025-04-29 21:45:26.560602,0.5797,0.5229,2.9357
1,2025-04-29 21:45:26.560602,0.4234,0.6687,84.8572
17,2025-04-29 21:45:26.667810,0.3016,0.2125,284.5536
3,2025-04-29 21:45:26.667810,0.5797,0.5229,2.9357
1,2025-04-29 21:45:26.667810,0.4234,0.6687,84.8572
17,2025-04-29 21:45:26.822330,0.3016,0.2125,284.5536
3,2025-04-29 21:45:26.822330,0.5797,0.5229,2.9357
1,2025-04-29 21:45:26.822330,0.4234,0.6687,84.8572
17,2025-04-29 21:45:27.005154,0.3016,0.2125,284.5536
3,2025-04-29 21:45:27.005154,0.5797,0.5229,2.9357
1,2025-04-29 21:45:27.005154,0.4234,0.6687,84.8572
17,2025-04-29 21:45:27.116231,0.3016,0.2125,284.5536
3,2025-04-29 21:45:27.116231,0.5797,0.5229,2.9357
1,2025-04-29 21:45:27.116231,0.4234,0.6687,84.8572
17,2025-04-29 21:45:27.239202,0.3016,0.2125,284.5536
3,2025-04-29 21:45:27.239202,0.5797,0.5229,2.9357
1,2025-04-29 21:45:27.239202,0.4234,0.6687,84.8572
17,2025-04-29 21:45:27.351024,0.3016,0.2125,284.5536
3,2025-04-29 21:45:27.351024,0.5797,0.5229,2.9357
1,2025-04-29 21:45:27.351024,0.4234,0.6687,84.8572
17,2025-04-29 21:45:27.490642,0.3016,0.2125,284.5536
3,2025-04-29 21:45:27.490642,0.5797,0.5229,2.9357
1,2025-04-29 21:45:27.490642,0.4234,0.6687,84.8572
17,2025-04-29 21:45:27.570831,0.3016,0.2125,284.5536
3,2025-04-29 21:45:27.570831,0.5797,0.5229,2.9357
1,2025-04-29 21:45:27.570831,0.4234,0.6687,84.8572
17,2025-04-29 21:45:27.732989,0.3016,0.2125,284.5536
3,2025-04-29 21:45:27.732989,0.5797,0.5229,2.9357
1,2025-04-29 21:45:27.732989,0.4234,0.6687,84.8572
17,2025-04-29 21:45:27.871835,0.3016,0.2125,284.5536
3,2025-04-29 21:45:27.871835,0.5797,0.5229,2.9357
1,2025-04-29 21:45:27.871835,0.4234,0.6687,84.8572
17,2025-04-29 21:45:28.044510,0.3016,0.2125,284.5536
3,2025-04-29 21:45:28.044510,0.5797,0.5229,2.9357
1,2025-04-29 21:45:28.044510,0.4234,0.6687,84.8572
17,2025-04-29 21:45:28.181914,0.3016,0.2125,284.5536
3,2025-04-29 21:45:28.181914,0.5797,0.5229,5.856
1,2025-04-29 21:45:28.181914,0.4234,0.6687,84.8572
17,2025-04-29 21:45:28.315543,0.3016,0.2125,284.5536
3,2025-04-29 21:45:28.315543,0.5797,0.5229,2.9357
1,2025-04-29 21:45:28.315543,0.4234,0.6687,84.8572
17,2025-04-29 21:45:28.425153,0.3016,0.2125,284.5536
3,2025-04-29 21:45:28.425153,0.5797,0.5229,2.9357
1,2025-04-29 21:45:28.425153,0.4234,0.6687,84.8572
17,2025-04-29 21:45:28.559786,0.3016,0.2125,284.5536
3,2025-04-29 21:45:28.559786,0.5797,0.5229,2.9357
1,2025-04-29 21:45:28.559786,0.4234,0.6687,84.8572
17,2025-04-29 21:45:28.705011,0.3016,0.2125,284.5536
3,2025-04-29 21:45:28.705011,0.5797,0.5229,2.9357
1,2025-04-29 21:45:28.705011,0.4234,0.6687,84.8572
17,2025-04-29 21:45:28.795517,0.3016,0.2125,284.5536
3,2025-04-29 21:45:28.795517,0.5797,0.5229,2.9357
1,2025-04-29 21:45:28.795517,0.4234,0.6687,84.8572
17,2025-04-29 21:45:28.954532,0.3016,0.2125,284.5536
3,2025-04-29 21:45:28.954532,0.5797,0.5229,2.9357
1,2025-04-29 21:45:28.954532,0.4234,0.6687,84.8572
17,2025-04-29 21:45:29.070994,0.3016,0.2125,284.5536
3,2025-04-29 21:45:29.070994,0.5797,0.5229,2.9357
1,2025-04-29 21:45:29.070994,0.4234,0.6687,84.8572
17,2025-04-29 21:45:29.168077,0.3016,0.2125,284.5536
3,2025-04-29 21:45:29.168077,0.5797,0.5229,5.856
1,2025-04-29 21:45:29.168077,0.4234,0.6687,84.8572
17,2025-04-29 21:45:29.308328,0.3016,0.2125,284.5536
3,2025-04-29 21:45:29.308328,0.5797,0.5229,2.9357
1,2025-04-29 21:45:29.308328,0.4234,0.6687,84.8572
17,2025-04-29 21:45:29.442224,0.3016,0.2125,284.5536
3,2025-04-29 21:45:29.442224,0.5797,0.5229,2.9357
1,2025-04-29 21:45:29.442224,0.4234,0.6687,84.8572
17,2025-04-29 21:45:29.583207,0.3016,0.2125,284.5536
3,2025-04-29 21:45:29.583207,0.5797,0.5229,2.9357
1,2025-04-29 21:45:29.583207,0.4234,0.6687,84.8572
17,2025-04-29 21:45:29.780512,0.3016,0.2125,284.5536
3,2025-04-29 21:45:29.780512,0.5797,0.5229,2.9357
1,2025-04-29 21:45:29.780512,0.4234,0.6687,84.8572
17,2025-04-29 21:45:29.931536,0.3016,0.2125,284.5536
3,2025-04-29 21:45:29.931536,0.5797,0.5229,5.856
1,2025-04-29 21:45:29.931536,0.4234,0.6687,84.8572
17,2025-04-29 21:45:30.088022,0.3016,0.2125,284.5536
3,2025-04-29 21:45:30.088022,0.5797,0.5229,2.9357
1,2025-04-29 21:45:30.088022,0.4234,0.6687,84.8572
17,2025-04-29 21:45:30.203901,0.3016,0.2125,284.5536
3,2025-04-29 21:45:30.203901,0.5797,0.5229,5.856
1,2025-04-29 21:45:30.203901,0.4234,0.6687,84.8572
17,2025-04-29 21:45:30.348699,0.3016,0.2125,284.5536
3,2025-04-29 21:45:30.348699,0.5797,0.5229,5.856
1,2025-04-29 21:45:30.348699,0.4234,0.6687,84.8572
17,2025-04-29 21:45:30.502158,0.3016,0.2125,284.5536
3,2025-04-29 21:45:30.502158,0.5797,0.5229,2.9357
1,2025-04-29 21:45:30.502158,0.4234,0.6687,84.8572
17,2025-04-29 21:45:30.627034,0.3016,0.2125,284.5536
3,2025-04-29 21:45:30.627034,0.5797,0.5229,2.9357
1,2025-04-29 21:45:30.627034,0.4234,0.6687,84.8572
17,2025-04-29 21:45:30.776638,0.3016,0.2125,284.5536
3,2025-04-29 21:45:30.776638,0.5797,0.5229,2.9357
1,2025-04-29 21:45:30.776638,0.4234,0.6687,84.8572
17,2025-04-29 21:45:30.879368,0.3016,0.2125,284.5536
3,2025-04-29 21:45:30.879368,0.5797,0.5229,2.9357
1,2025-04-29 21:45:30.879368,0.4234,0.6687,84.8572
17,2025-04-29 21:45:31.014430,0.3016,0.2125,284.5536
3,2025-04-29 21:45:31.014430,0.5797,0.5229,2.9357
1,2025-04-29 21:45:31.014430,0.4234,0.6687,84.8572
17,2025-04-29 21:45:31.130881,0.3016,0.2125,284.5536
3,2025-04-29 21:45:31.130881,0.5797,0.5229,2.9357
1,2025-04-29 21:45:31.130881,0.4234,0.6687,84.8572
17,2025-04-29 21:45:31.252910,0.3016,0.2125,284.5536
3,2025-04-29 21:45:31.252910,0.5797,0.5229,5.856
1,2025-04-29 21:45:31.252910,0.4234,0.6687,84.8572
17,2025-04-29 21:45:31.427779,0.3016,0.2125,284.5536
3,2025-04-29 21:45:31.427779,0.5797,0.5229,2.9357
1,2025-04-29 21:45:31.427779,0.4234,0.6687,84.8572
17,2025-04-29 21:45:31.579005,0.3016,0.2125,284.5536
3,2025-04-29 21:45:31.579005,0.5797,0.5229,2.9357
1,2025-04-29 21:45:31.579005,0.4234,0.6687,84.8572
17,2025-04-29 21:45:31.661243,0.3016,0.2125,284.5536
3,2025-04-29 21:45:31.661243,0.5797,0.5229,2.9357
1,2025-04-29 21:45:31.661243,0.4234,0.6687,84.8572
17,2025-04-29 21:45:31.837333,0.3016,0.2125,284.5536
3,2025-04-29 21:45:31.837333,0.5797,0.5229,2.9357
1,2025-04-29 21:45:31.837333,0.4234,0.6687,84.8572
17,2025-04-29 21:45:31.966738,0.3016,0.2125,284.5536
3,2025-04-29 21:45:31.966738,0.5797,0.5229,2.9357
1,2025-04-29 21:45:31.966738,0.4234,0.6687,84.8572
17,2025-04-29 21:45:32.111115,0.3016,0.2125,284.5536
3,2025-04-29 21:45:32.111115,0.5797,0.5229,2.9357
1,2025-04-29 21:45:32.111115,0.4234,0.6687,84.8572
17,2025-04-29 21:45:32.273786,0.3016,0.2125,284.5536
3,2025-04-29 21:45:32.273786,0.5797,0.5229,5.856
1,2025-04-29 21:45:32.273786,0.4234,0.6687,84.8572
17,2025-04-29 21:45:32.390577,0.3016,0.2125,284.5536
3,2025-04-29 21:45:32.390577,0.5797,0.5229,2.9357
1,2025-04-29 21:45:32.390577,0.4234,0.6687,84.8572
17,2025-04-29 21:45:32.539082,0.3016,0.2125,284.5536
3,2025-04-29 21:45:32.539082,0.5797,0.5229,2.9357
1,2025-04-29 21:45:32.539082,0.4234,0.6687,84.8572
17,2025-04-29 21:45:32.738862,0.3016,0.2125,284.5536
3,2025-04-29 21:45:32.738862,0.5797,0.5229,2.9357
1,2025-04-29 21:45:32.738862,0.4234,0.6687,84.8572
17,2025-04-29 21:45:32.899969,0.3016,0.2125,284.5536
3,2025-04-29 21:45:32.899969,0.5797,0.5229,2.9357
1,2025-04-29 21:45:32.899969,0.4234,0.6687,84.8572
17,2025-04-29 21:45:33.020313,0.3016,0.2125,284.5536
3,2025-04-29 21:45:33.020313,0.5797,0.5229,5.856
1,2025-04-29 21:45:33.020313,0.4234,0.6687,84.8572
17,2025-04-29 21:45:33.171315,0.3016,0.2125,284.5536
3,2025-04-29 21:45:33.171315,0.5797,0.5229,5.856
1,2025-04-29 21:45:33.171315,0.4234,0.6687,84.8572
17,2025-04-29 21:45:33.271181,0.3016,0.2125,284.5536
3,2025-04-29 21:45:33.271181,0.5797,0.5229,2.9357
1,2025-04-29 21:45:33.271181,0.4234,0.6687,84.8572
17,2025-04-29 21:45:33.353302,0.3016,0.2125,284.5536
3,2025-04-29 21:45:33.353302,0.5797,0.5229,2.9357
1,2025-04-29 21:45:33.353302,0.4234,0.6687,84.8572
17,2025-04-29 21:45:33.526850,0.3016,0.2125,284.5536
3,2025-04-29 21:45:33.526850,0.5797,0.5229,2.9357
1,2025-04-29 21:45:33.526850,0.4234,0.6687,84.8572
17,2025-04-29 21:45:33.586521,0.3016,0.2125,284.5536
3,2025-04-29 21:45:33.586521,0.5797,0.5229,2.9357
1,2025-04-29 21:45:33.586521,0.4234,0.6687,84.8572
17,2025-04-29 21:45:33.683468,0.3016,0.2125,284.5536
3,2025-04-29 21:45:33.683468,0.5797,0.5229,2.9357
1,2025-04-29 21:45:33.683468,0.4234,0.6687,84.8572
17,2025-04-29 21:45:33.807051,0.3016,0.2125,284.5536
3,2025-04-29 21:45:33.807051,0.5797,0.5229,2.9357
1,2025-04-29 21:45:33.807051,0.4234,0.6687,84.8572
17,2025-04-29 21:45:33.951398,0.3016,0.2125,284.5536
3,2025-04-29 21:45:33.951398,0.5797,0.5229,5.856
1,2025-04-29 21:45:33.951398,0.4234,0.6687,84.8572
17,2025-04-29 21:45:34.054963,0.3016,0.2125,284.5536
3,2025-04-29 21:45:34.054963,0.5797,0.5229,2.9357
1,2025-04-29 21:45:34.054963,0.4234,0.6687,84.8572
17,2025-04-29 21:45:34.204198,0.3016,0.2125,284.5536
3,2025-04-29 21:45:34.204198,0.5797,0.5229,2.9357
1,2025-04-29 21:45:34.204198,0.4234,0.6687,84.8572
17,2025-04-29 21:45:34.326555,0.3016,0.2125,284.5536
3,2025-04-29 21:45:34.326555,0.5797,0.5229,2.9357
1,2025-04-29 21:45:34.326555,0.4234,0.6687,84.8572
17,2025-04-29 21:45:34.452238,0.3016,0.2125,284.5536
3,2025-04-29 21:45:34.452238,0.5797,0.5229,2.9357
1,2025-04-29 21:45:34.452238,0.4234,0.6687,84.8572
17,2025-04-29 21:45:34.588903,0.3016,0.2125,284.5536
3,2025-04-29 21:45:34.588903,0.5797,0.5229,2.9357
1,2025-04-29 21:45:34.588903,0.4234,0.6687,84.8572
17,2025-04-29 21:45:34.744623,0.3016,0.2125,284.5536
3,2025-04-29 21:45:34.744623,0.5797,0.5229,5.856
1,2025-04-29 21:45:34.744623,0.4234,0.6687,84.8572
17,2025-04-29 21:45:34.873116,0.3016,0.2125,284.5536
3,2025-04-29 21:45:34.873116,0.5797,0.5229,2.9357
1,2025-04-29 21:45:34.873116,0.4234,0.6687,84.8572
17,2025-04-29 21:45:34.991070,0.3016,0.2125,284.5536
3,2025-04-29 21:45:34.991070,0.5797,0.5229,2.9357
1,2025-04-29 21:45:34.991070,0.4234,0.6687,84.8572
17,2025-04-29 21:45:35.116780,0.3016,0.2125,284.5536
3,2025-04-29 21:45:35.116780,0.5797,0.5229,5.856
1,2025-04-29 21:45:35.116780,0.4234,0.6687,84.8572
17,2025-04-29 21:45:35.269284,0.3016,0.2125,284.5536
3,2025-04-29 21:45:35.269284,0.5797,0.5229,2.9357
1,2025-04-29 21:45:35.269284,0.4234,0.6687,84.8572
17,2025-04-29 21:45:35.443857,0.3016,0.2125,284.5536
3,2025-04-29 21:45:35.443857,0.5797,0.5229,2.9357
1,2025-04-29 21:45:35.443857,0.4234,0.6687,84.8572
17,2025-04-29 21:45:35.536355,0.3016,0.2125,284.5536
3,2025-04-29 21:45:35.536355,0.5797,0.5229,2.9357
1,2025-04-29 21:45:35.536355,0.4234,0.6687,84.8572
17,2025-04-29 21:45:35.657308,0.3016,0.2125,284.5536
3,2025-04-29 21:45:35.657308,0.5797,0.5229,5.856
1,2025-04-29 21:45:35.657308,0.4234,0.6687,84.8572
17,2025-04-29 21:45:35.767325,0.3016,0.2125,284.5536
3,2025-04-29 21:45:35.767325,0.5797,0.5229,2.9357
1,2025-04-29 21:45:35.767325,0.4234,0.6687,84.8572
17,2025-04-29 21:45:35.891215,0.3016,0.2125,284.5536
3,2025-04-29 21:45:35.891215,0.5797,0.5229,5.856
1,2025-04-29 21:45:35.891215,0.4234,0.6687,84.8572
17,2025-04-29 21:45:36.028005,0.3016,0.2125,284.5536
3,2025-04-29 21:45:36.028005,0.5797,0.5229,5.856
1,2025-04-29 21:45:36.028005,0.4234,0.6687,84.8572
17,2025-04-29 21:45:36.147309,0.3016,0.2125,284.5536
3,2025-04-29 21:45:36.147309,0.5797,0.5229,2.9357
1,2025-04-29 21:45:36.147309,0.4234,0.6687,84.8572
17,2025-04-29 21:45:36.240102,0.3016,0.2125,284.5536
3,2025-04-29 21:45:36.240102,0.5797,0.5229,5.856
1,2025-04-29 21:45:36.240102,0.4234,0.6687,84.8572
17,2025-04-29 21:45:36.384852,0.3016,0.2125,284.5536
3,2025-04-29 21:45:36.384852,0.5797,0.5229,2.9357
1,2025-04-29 21:45:36.384852,0.4234,0.6687,84.8572
17,2025-04-29 21:45:36.517192,0.3016,0.2125,284.5536
3,2025-04-29 21:45:36.517192,0.5797,0.5229,5.856
1,2025-04-29 21:45:36.517192,0.4234,0.6687,84.8572
17,2025-04-29 21:45:36.659306,0.3016,0.2125,284.5536
3,2025-04-29 21:45:36.659306,0.5797,0.5229,5.856
1,2025-04-29 21:45:36.659306,0.4234,0.6687,84.8572
17,2025-04-29 21:45:36.810768,0.3016,0.2125,284.5536
3,2025-04-29 21:45:36.810768,0.5797,0.5229,2.9357
1,2025-04-29 21:45:36.810768,0.4234,0.6687,84.8572
17,2025-04-29 21:45:36.951184,0.3016,0.2125,284.5536
3,2025-04-29 21:45:36.951184,0.5797,0.5229,2.9357
1,2025-04-29 21:45:36.951184,0.4234,0.6687,84.8572
17,2025-04-29 21:45:37.105298,0.3016,0.2125,284.5536
3,2025-04-29 21:45:37.105298,0.5797,0.5229,5.856
1,2025-04-29 21:45:37.105298,0.4234,0.6687,84.8572
17,2025-04-29 21:45:37.241481,0.3016,0.2125,284.5536
3,2025-04-29 21:45:37.241481,0.5797,0.5229,5.856
1,2025-04-29 21:45:37.241481,0.4234,0.6687,84.8572
17,2025-04-29 21:45:37.373238,0.3016,0.2125,284.5536
3,2025-04-29 21:45:37.373238,0.5797,0.5229,2.9357
1,2025-04-29 21:45:37.373238,0.4234,0.6687,84.8572
17,2025-04-29 21:45:37.533366,0.3016,0.2125,284.5536
3,2025-04-29 21:45:37.533366,0.5797,0.5229,5.856
1,2025-04-29 21:45:37.533366,0.4234,0.6687,84.8572
17,2025-04-29 21:45:37.716935,0.3016,0.2125,284.5536
3,2025-04-29 21:45:37.716935,0.5797,0.5229,5.856
1,2025-04-29 21:45:37.716935,0.4234,0.6687,84.8572
17,2025-04-29 21:45:37.866436,0.3016,0.2125,284.5536
3,2025-04-29 21:45:37.866436,0.5797,0.5229,5.856
17,2025-04-29 21:45:37.996848,0.3016,0.2125,284.5536
3,2025-04-29 21:45:37.996848,0.5797,0.5229,2.9357
17,2025-04-29 21:45:38.128875,0.3016,0.2125,284.5536
3,2025-04-29 21:45:38.128875,0.5797,0.5229,2.9357
17,2025-04-29 21:45:38.192172,0.3016,0.2125,284.5536
3,2025-04-29 21:45:38.192172,0.5797,0.5229,2.9357
17,2025-04-29 21:45:38.299869,0.3016,0.2125,284.5536
3,2025-04-29 21:45:38.299869,0.5797,0.5229,2.9357
17,2025-04-29 21:45:38.452064,0.3016,0.2125,284.5536
3,2025-04-29 21:45:38.452064,0.5797,0.5229,2.9357
17,2025-04-29 21:45:38.554293,0.3016,0.2125,284.5536
3,2025-04-29 21:45:38.554293,0.5797,0.5229,5.856
17,2025-04-29 21:45:38.677049,0.3016,0.2125,284.5536
3,2025-04-29 21:45:38.677049,0.5797,0.5229,2.9357
17,2025-04-29 21:45:38.814942,0.3016,0.2125,284.5536
3,2025-04-29 21:45:38.814942,0.5797,0.5229,2.9357
17,2025-04-29 21:45:38.932042,0.3016,0.2125,284.5536
3,2025-04-29 21:45:38.932042,0.5797,0.5229,5.856
17,2025-04-29 21:45:39.054581,0.3016,0.2125,284.5536
3,2025-04-29 21:45:39.054581,0.5797,0.5229,2.9357
17,2025-04-29 21:45:39.169522,0.3016,0.2125,284.5536
3,2025-04-29 21:45:39.169522,0.5797,0.5229,2.9357
1,2025-04-29 21:45:39.169522,0.4281,0.6729,101.0702
17,2025-04-29 21:45:39.289820,0.3016,0.2125,284.5536
3,2025-04-29 21:45:39.289820,0.5797,0.5229,2.9357
1,2025-04-29 21:45:39.289820,0.4297,0.6729,101.0702
17,2025-04-29 21:45:39.433500,0.3016,0.2146,284.5536
3,2025-04-29 21:45:39.433500,0.5797,0.5229,2.9357
1,2025-04-29 21:45:39.433500,0.4313,0.6729,99.2602
17,2025-04-29 21:45:39.550765,0.3016,0.2125,284.5536
3,2025-04-29 21:45:39.550765,0.5797,0.5229,2.9357
1,2025-04-29 21:45:39.550765,0.4313,0.6708,97.125
17,2025-04-29 21:45:39.678827,0.3016,0.2125,284.5536
3,2025-04-29 21:45:39.678827,0.5797,0.5229,5.856
17,2025-04-29 21:45:39.825348,0.3016,0.2125,284.5536
3,2025-04-29 21:45:39.825348,0.5797,0.5229,2.9357
17,2025-04-29 21:45:39.937474,0.3016,0.2125,284.5536
3,2025-04-29 21:45:39.937474,0.5797,0.5229,2.9357
17,2025-04-29 21:45:40.074900,0.3016,0.2125,284.5536
3,2025-04-29 21:45:40.074900,0.5797,0.5229,2.9357
17,2025-04-29 21:45:40.166086,0.3016,0.2125,284.5536
3,2025-04-29 21:45:40.166086,0.5797,0.5229,2.9357
17,2025-04-29 21:45:40.301280,0.3016,0.2125,284.5536
3,2025-04-29 21:45:40.301280,0.5797,0.5229,2.9357
17,2025-04-29 21:45:40.394848,0.3016,0.2125,284.5536
3,2025-04-29 21:45:40.394848,0.5797,0.5229,2.9357
17,2025-04-29 21:45:40.490002,0.3016,0.2125,284.5536
3,2025-04-29 21:45:40.490002,0.5797,0.5229,5.856
17,2025-04-29 21:45:40.586501,0.3016,0.2125,284.5536
3,2025-04-29 21:45:40.586501,0.5797,0.5229,2.9357
1,2025-04-29 21:45:40.586501,0.4453,0.6312,99.6734
17,2025-04-29 21:45:40.748976,0.3016,0.2125,284.5536
3,2025-04-29 21:45:40.748976,0.5797,0.5229,2.9357
1,2025-04-29 21:45:40.748976,0.4484,0.6208,101.0702
17,2025-04-29 21:45:40.876523,0.3016,0.2125,284.5536
3,2025-04-29 21:45:40.876523,0.5797,0.5229,2.9357
1,2025-04-29 21:45:40.876523,0.4484,0.6208,101.0702
17,2025-04-29 21:45:40.977467,0.3016,0.2125,284.5536
3,2025-04-29 21:45:40.977467,0.5797,0.5229,2.9357
1,2025-04-29 21:45:40.977467,0.4484,0.6208,101.0702
17,2025-04-29 21:45:41.115251,0.3016,0.2125,284.5536
3,2025-04-29 21:45:41.115251,0.5797,0.5229,2.9357
1,2025-04-29 21:45:41.115251,0.4484,0.6208,101.0702
17,2025-04-29 21:45:41.257304,0.3016,0.2125,284.5536
3,2025-04-29 21:45:41.257304,0.5797,0.5229,2.9357
1,2025-04-29 21:45:41.257304,0.4484,0.6208,101.0702
17,2025-04-29 21:45:41.344576,0.3016,0.2125,284.5536
3,2025-04-29 21:45:41.344576,0.5797,0.5229,2.9357
1,2025-04-29 21:45:41.344576,0.4484,0.6208,101.0702
17,2025-04-29 21:45:41.519157,0.3016,0.2125,284.5536
3,2025-04-29 21:45:41.519157,0.5797,0.5229,2.9357
1,2025-04-29 21:45:41.519157,0.4484,0.6208,101.0702
17,2025-04-29 21:45:41.658594,0.3016,0.2125,284.5536
3,2025-04-29 21:45:41.658594,0.5797,0.5229,5.856
1,2025-04-29 21:45:41.658594,0.4484,0.6208,101.0702
17,2025-04-29 21:45:41.738025,0.3016,0.2125,284.5536
3,2025-04-29 21:45:41.738025,0.5797,0.5229,2.9357
1,2025-04-29 21:45:41.738025,0.4484,0.6208,101.0702
17,2025-04-29 21:45:41.880425,0.3016,0.2125,284.5536
3,2025-04-29 21:45:41.880425,0.5797,0.5229,2.9357
1,2025-04-29 21:45:41.880425,0.4484,0.6208,101.0702
17,2025-04-29 21:45:42.071525,0.3016,0.2125,284.5536
3,2025-04-29 21:45:42.071525,0.5797,0.5229,2.9357
1,2025-04-29 21:45:42.071525,0.4484,0.6208,101.0702
17,2025-04-29 21:45:42.204571,0.3016,0.2125,284.5536
3,2025-04-29 21:45:42.204571,0.5797,0.5229,2.9357
1,2025-04-29 21:45:42.204571,0.4484,0.6208,101.0702
17,2025-04-29 21:45:42.317068,0.3016,0.2125,284.5536
3,2025-04-29 21:45:42.317068,0.5797,0.5229,2.9357
1,2025-04-29 21:45:42.317068,0.4484,0.6208,101.0702
17,2025-04-29 21:45:42.497306,0.3016,0.2125,284.5536
3,2025-04-29 21:45:42.497306,0.5797,0.5229,2.9357
1,2025-04-29 21:45:42.497306,0.4484,0.6208,101.0702
17,2025-04-29 21:45:42.652499,0.3016,0.2125,284.5536
3,2025-04-29 21:45:42.652499,0.5797,0.5229,5.856
1,2025-04-29 21:45:42.652499,0.4484,0.6208,101.0702
17,2025-04-29 21:45:42.837171,0.3016,0.2125,284.5536
3,2025-04-29 21:45:42.837171,0.5797,0.5229,2.9357
1,2025-04-29 21:45:42.837171,0.4484,0.6208,101.0702
17,2025-04-29 21:45:42.958028,0.3016,0.2125,284.5536
3,2025-04-29 21:45:42.958028,0.5797,0.5229,2.9357
1,2025-04-29 21:45:42.958028,0.4484,0.6208,101.0702
17,2025-04-29 21:45:43.041609,0.3016,0.2125,284.5536
3,2025-04-29 21:45:43.041609,0.5797,0.5229,2.9357
1,2025-04-29 21:45:43.041609,0.4484,0.6208,101.0702
17,2025-04-29 21:45:43.208255,0.3016,0.2146,284.5536
3,2025-04-29 21:45:43.208255,0.5797,0.5229,5.856
1,2025-04-29 21:45:43.208255,0.4484,0.6208,101.0702
17,2025-04-29 21:45:43.350721,0.3016,0.2125,284.5536
3,2025-04-29 21:45:43.350721,0.5797,0.5229,2.9357
1,2025-04-29 21:45:43.350721,0.4484,0.6208,101.0702
17,2025-04-29 21:45:43.436010,0.3016,0.2125,284.5536
3,2025-04-29 21:45:43.436010,0.5797,0.5229,2.9357
1,2025-04-29 21:45:43.436010,0.4484,0.6208,101.0702
17,2025-04-29 21:45:43.562996,0.3016,0.2125,284.5536
3,2025-04-29 21:45:43.562996,0.5797,0.5229,2.9357
1,2025-04-29 21:45:43.562996,0.4484,0.6208,101.0702
17,2025-04-29 21:45:43.674954,0.3016,0.2125,284.5536
3,2025-04-29 21:45:43.674954,0.5797,0.5229,5.856
1,2025-04-29 21:45:43.674954,0.4484,0.6208,101.0702
17,2025-04-29 21:45:43.802844,0.3016,0.2125,284.5536
3,2025-04-29 21:45:43.802844,0.5797,0.5229,2.9357
1,2025-04-29 21:45:43.802844,0.4484,0.6208,101.0702
17,2025-04-29 21:45:43.929424,0.3016,0.2125,284.5536
3,2025-04-29 21:45:43.929424,0.5797,0.5229,5.856
1,2025-04-29 21:45:43.929424,0.4484,0.6208,101.0702
17,2025-04-29 21:45:44.059257,0.3016,0.2146,284.5536
3,2025-04-29 21:45:44.059257,0.5797,0.5229,2.9357
1,2025-04-29 21:45:44.059257,0.4484,0.6208,101.0702
17,2025-04-29 21:45:44.148026,0.3016,0.2125,284.5536
3,2025-04-29 21:45:44.148026,0.5797,0.5229,5.856
1,2025-04-29 21:45:44.148026,0.4484,0.6208,101.0702
17,2025-04-29 21:45:44.288308,0.3016,0.2125,284.5536
3,2025-04-29 21:45:44.288308,0.5797,0.5229,2.9357
1,2025-04-29 21:45:44.288308,0.4484,0.6208,97.125
17,2025-04-29 21:45:44.390850,0.3016,0.2125,284.5536
3,2025-04-29 21:45:44.390850,0.5797,0.5229,2.9357
1,2025-04-29 21:45:44.390850,0.4484,0.6042,90.0
17,2025-04-29 21:45:44.526126,0.3016,0.2125,284.5536
3,2025-04-29 21:45:44.526126,0.5797,0.5229,2.9357
1,2025-04-29 21:45:44.526126,0.45,0.5833,95.5872
17,2025-04-29 21:45:44.677119,0.3016,0.2146,284.5536
3,2025-04-29 21:45:44.677119,0.5797,0.5229,5.856
1,2025-04-29 21:45:44.677119,0.45,0.5625,91.7899
17,2025-04-29 21:45:44.799342,0.3016,0.2125,284.5536
3,2025-04-29 21:45:44.799342,0.5797,0.5229,2.9357
1,2025-04-29 21:45:44.799342,0.4516,0.525,97.4314
17,2025-04-29 21:45:44.920878,0.3016,0.2125,284.5536
3,2025-04-29 21:45:44.920878,0.5797,0.5229,2.9357
17,2025-04-29 21:45:45.046057,0.3016,0.2125,284.5536
3,2025-04-29 21:45:45.046057,0.5797,0.5229,2.9357
1,2025-04-29 21:45:45.046057,0.4516,0.5188,95.1428
17,2025-04-29 21:45:45.205575,0.3016,0.2125,284.5536
3,2025-04-29 21:45:45.205575,0.5797,0.5229,2.9357
1,2025-04-29 21:45:45.205575,0.4516,0.5208,95.1428
17,2025-04-29 21:45:45.317554,0.3016,0.2125,284.5536
3,2025-04-29 21:45:45.317554,0.5797,0.5229,2.9357
1,2025-04-29 21:45:45.317554,0.4516,0.5208,95.1428
17,2025-04-29 21:45:45.434206,0.3016,0.2125,284.5536
3,2025-04-29 21:45:45.434206,0.5797,0.5229,2.9357
1,2025-04-29 21:45:45.434206,0.4516,0.5208,95.1428
17,2025-04-29 21:45:45.537322,0.3016,0.2146,284.5536
3,2025-04-29 21:45:45.537322,0.5797,0.5229,2.9357
1,2025-04-29 21:45:45.537322,0.4516,0.5208,95.1428
17,2025-04-29 21:45:45.654860,0.3016,0.2146,284.5536
3,2025-04-29 21:45:45.654860,0.5797,0.5229,2.9357
1,2025-04-29 21:45:45.654860,0.4516,0.5208,95.1428
17,2025-04-29 21:45:45.755999,0.3016,0.2125,284.5536
3,2025-04-29 21:45:45.755999,0.5797,0.5229,2.9357
1,2025-04-29 21:45:45.755999,0.4516,0.5208,95.1428
17,2025-04-29 21:45:45.909892,0.3016,0.2125,284.5536
3,2025-04-29 21:45:45.909892,0.5797,0.5229,2.9357
1,2025-04-29 21:45:45.909892,0.4516,0.5208,95.1428
17,2025-04-29 21:45:46.035499,0.3016,0.2125,284.5536
3,2025-04-29 21:45:46.035499,0.5797,0.5229,2.9357
1,2025-04-29 21:45:46.035499,0.4516,0.5208,95.1428
17,2025-04-29 21:45:46.150588,0.3016,0.2146,284.5536
3,2025-04-29 21:45:46.150588,0.5797,0.5229,2.9357
1,2025-04-29 21:45:46.150588,0.4516,0.5208,95.1428
17,2025-04-29 21:45:46.285415,0.3016,0.2125,284.5536
3,2025-04-29 21:45:46.285415,0.5797,0.5229,2.9357
1,2025-04-29 21:45:46.285415,0.4516,0.5208,95.1428
17,2025-04-29 21:45:46.412996,0.3016,0.2146,284.5536
3,2025-04-29 21:45:46.412996,0.5797,0.5229,2.9357
1,2025-04-29 21:45:46.412996,0.4516,0.5208,95.1428
17,2025-04-29 21:45:46.515198,0.3016,0.2125,284.5536
3,2025-04-29 21:45:46.515198,0.5797,0.5229,2.9357
1,2025-04-29 21:45:46.515198,0.4516,0.5208,95.1428
17,2025-04-29 21:45:46.650984,0.3016,0.2125,284.5536
3,2025-04-29 21:45:46.650984,0.5797,0.5229,5.856
1,2025-04-29 21:45:46.650984,0.4516,0.5208,95.1428
17,2025-04-29 21:45:46.785136,0.3016,0.2125,284.5536
3,2025-04-29 21:45:46.785136,0.5797,0.5229,2.9357
1,2025-04-29 21:45:46.785136,0.4516,0.5208,95.1428
17,2025-04-29 21:45:46.895200,0.3016,0.2125,284.5536
3,2025-04-29 21:45:46.895200,0.5797,0.5229,5.856
1,2025-04-29 21:45:46.895200,0.4516,0.5208,95.1428
17,2025-04-29 21:45:47.032607,0.3016,0.2125,284.5536
3,2025-04-29 21:45:47.032607,0.5797,0.5229,2.9357
1,2025-04-29 21:45:47.032607,0.4516,0.5208,95.1428
17,2025-04-29 21:45:47.133927,0.3016,0.2125,284.5536
3,2025-04-29 21:45:47.133927,0.5797,0.5229,5.856
1,2025-04-29 21:45:47.133927,0.4516,0.5208,95.1428
17,2025-04-29 21:45:47.304712,0.3016,0.2125,284.5536
3,2025-04-29 21:45:47.304712,0.5797,0.5229,2.9357
1,2025-04-29 21:45:47.304712,0.4516,0.5208,95.1428
17,2025-04-29 21:45:47.429554,0.3016,0.2125,284.5536
3,2025-04-29 21:45:47.429554,0.5797,0.5229,2.9357
1,2025-04-29 21:45:47.429554,0.4516,0.5208,95.1428
17,2025-04-29 21:45:47.562520,0.3016,0.2125,284.5536
3,2025-04-29 21:45:47.562520,0.5797,0.5229,2.9357
1,2025-04-29 21:45:47.562520,0.4516,0.5208,95.1428
17,2025-04-29 21:45:47.706714,0.3016,0.2125,284.5536
3,2025-04-29 21:45:47.706714,0.5797,0.5229,2.9357
1,2025-04-29 21:45:47.706714,0.4516,0.5208,95.1428
17,2025-04-29 21:45:47.849326,0.3016,0.2125,284.5536
3,2025-04-29 21:45:47.849326,0.5797,0.5229,2.9357
1,2025-04-29 21:45:47.849326,0.4516,0.5208,95.1428
17,2025-04-29 21:45:48.017558,0.3016,0.2125,284.5536
3,2025-04-29 21:45:48.017558,0.5797,0.5229,2.9357
1,2025-04-29 21:45:48.017558,0.4516,0.5208,95.1428
17,2025-04-29 21:45:48.149841,0.3016,0.2125,284.5536
3,2025-04-29 21:45:48.149841,0.5797,0.5229,2.9357
1,2025-04-29 21:45:48.149841,0.4516,0.5208,95.1428
17,2025-04-29 21:45:48.283315,0.3016,0.2146,284.5536
3,2025-04-29 21:45:48.283315,0.5797,0.5229,2.9357
1,2025-04-29 21:45:48.283315,0.4516,0.5208,95.1428
17,2025-04-29 21:45:48.402822,0.3016,0.2125,284.5536
3,2025-04-29 21:45:48.402822,0.5797,0.5229,2.9357
1,2025-04-29 21:45:48.402822,0.4516,0.5208,95.1428
17,2025-04-29 21:45:48.569330,0.3016,0.2125,284.5536
3,2025-04-29 21:45:48.569330,0.5797,0.5229,2.9357
1,2025-04-29 21:45:48.569330,0.4516,0.5208,95.1428
17,2025-04-29 21:45:48.730738,0.3016,0.2146,284.5536
3,2025-04-29 21:45:48.730738,0.5797,0.5229,5.856
1,2025-04-29 21:45:48.730738,0.4516,0.5208,95.1428
17,2025-04-29 21:45:48.864365,0.3016,0.2125,284.5536
3,2025-04-29 21:45:48.864365,0.5797,0.5229,2.9357
1,2025-04-29 21:45:48.864365,0.4516,0.5208,95.1428
17,2025-04-29 21:45:48.986992,0.3016,0.2125,284.5536
3,2025-04-29 21:45:48.986992,0.5797,0.5229,2.9357
1,2025-04-29 21:45:48.986992,0.4516,0.5208,95.1428
17,2025-04-29 21:45:49.163742,0.3016,0.2125,284.5536
3,2025-04-29 21:45:49.163742,0.5797,0.5229,5.856
1,2025-04-29 21:45:49.163742,0.4516,0.5208,95.1428
17,2025-04-29 21:45:49.279083,0.3016,0.2125,284.5536
3,2025-04-29 21:45:49.279083,0.5797,0.5229,2.9357
1,2025-04-29 21:45:49.279083,0.4516,0.5208,95.1428
17,2025-04-29 21:45:49.453723,0.3016,0.2125,284.5536
3,2025-04-29 21:45:49.453723,0.5797,0.5229,2.9357
1,2025-04-29 21:45:49.453723,0.4516,0.5208,95.1428
17,2025-04-29 21:45:49.591702,0.3016,0.2146,284.5536
3,2025-04-29 21:45:49.591702,0.5797,0.5229,2.9357
1,2025-04-29 21:45:49.591702,0.4516,0.5208,95.1428
17,2025-04-29 21:45:49.748059,0.3016,0.2146,284.5536
3,2025-04-29 21:45:49.748059,0.5797,0.5229,2.9357
1,2025-04-29 21:45:49.748059,0.4516,0.5208,95.1428
17,2025-04-29 21:45:49.869152,0.3016,0.2125,284.5536
3,2025-04-29 21:45:49.869152,0.5797,0.5229,5.856
1,2025-04-29 21:45:49.869152,0.4516,0.5208,95.1428
17,2025-04-29 21:45:50.052987,0.3016,0.2125,284.5536
3,2025-04-29 21:45:50.052987,0.5797,0.5229,2.9357
1,2025-04-29 21:45:50.052987,0.4516,0.5208,95.1428
17,2025-04-29 21:45:50.200984,0.3016,0.2125,284.5536
3,2025-04-29 21:45:50.200984,0.5797,0.5229,2.9357
1,2025-04-29 21:45:50.200984,0.4516,0.5208,95.1428
17,2025-04-29 21:45:50.371390,0.3016,0.2125,284.5536
3,2025-04-29 21:45:50.371390,0.5797,0.5229,2.9357
1,2025-04-29 21:45:50.371390,0.4516,0.5208,95.1428
17,2025-04-29 21:45:50.500841,0.3016,0.2146,284.5536
3,2025-04-29 21:45:50.500841,0.5797,0.5229,2.9357
1,2025-04-29 21:45:50.500841,0.4516,0.5208,95.1428
17,2025-04-29 21:45:50.602266,0.3016,0.2125,284.5536
3,2025-04-29 21:45:50.602266,0.5797,0.5229,2.9357
1,2025-04-29 21:45:50.602266,0.4516,0.5208,95.1428
17,2025-04-29 21:45:50.736347,0.3016,0.2125,284.5536
3,2025-04-29 21:45:50.736347,0.5797,0.5229,2.9357
1,2025-04-29 21:45:50.736347,0.4516,0.5208,95.1428
17,2025-04-29 21:45:50.884352,0.3016,0.2125,284.5536
3,2025-04-29 21:45:50.884352,0.5797,0.5229,2.9357
1,2025-04-29 21:45:50.884352,0.4516,0.5208,95.1428
17,2025-04-29 21:45:51.001904,0.3016,0.2125,284.5536
3,2025-04-29 21:45:51.001904,0.5797,0.5229,2.9357
1,2025-04-29 21:45:51.001904,0.4516,0.5208,95.1428
17,2025-04-29 21:45:51.149259,0.3016,0.2125,284.5536
3,2025-04-29 21:45:51.149259,0.5797,0.5229,2.9357
1,2025-04-29 21:45:51.149259,0.4516,0.5208,95.1428
17,2025-04-29 21:45:51.261192,0.3016,0.2146,284.5536
3,2025-04-29 21:45:51.261192,0.5797,0.5229,2.9357
1,2025-04-29 21:45:51.261192,0.4516,0.5208,95.1428
17,2025-04-29 21:45:51.366704,0.3016,0.2125,284.5536
3,2025-04-29 21:45:51.366704,0.5797,0.5229,5.856
1,2025-04-29 21:45:51.366704,0.4516,0.5208,95.1428
17,2025-04-29 21:45:51.537829,0.3016,0.2125,284.5536
3,2025-04-29 21:45:51.537829,0.5797,0.5229,2.9357
1,2025-04-29 21:45:51.537829,0.4516,0.5208,95.1428
17,2025-04-29 21:45:51.726926,0.3016,0.2125,284.5536
3,2025-04-29 21:45:51.726926,0.5797,0.5229,2.9357
1,2025-04-29 21:45:51.726926,0.4516,0.5208,95.1428
17,2025-04-29 21:45:51.878007,0.3016,0.2125,284.5536
3,2025-04-29 21:45:51.878007,0.5797,0.5229,2.9357
1,2025-04-29 21:45:51.878007,0.4516,0.5208,95.1428
17,2025-04-29 21:45:52.019361,0.3016,0.2125,284.5536
3,2025-04-29 21:45:52.019361,0.5797,0.5229,2.9357
1,2025-04-29 21:45:52.019361,0.4516,0.5208,95.1428
17,2025-04-29 21:45:52.168554,0.3016,0.2125,284.5536
3,2025-04-29 21:45:52.168554,0.5797,0.5229,2.9357
1,2025-04-29 21:45:52.168554,0.4516,0.5208,95.1428
17,2025-04-29 21:45:52.334592,0.3016,0.2125,284.5536
3,2025-04-29 21:45:52.334592,0.5797,0.5229,2.9357
1,2025-04-29 21:45:52.334592,0.4516,0.5208,95.1428
17,2025-04-29 21:45:52.494760,0.3016,0.2125,284.5536
3,2025-04-29 21:45:52.494760,0.5797,0.5229,5.856
1,2025-04-29 21:45:52.494760,0.4516,0.5208,95.1428
17,2025-04-29 21:45:52.592608,0.3016,0.2125,284.5536
3,2025-04-29 21:45:52.592608,0.5797,0.5229,2.9357
1,2025-04-29 21:45:52.592608,0.4516,0.5208,95.1428
17,2025-04-29 21:45:52.764634,0.3016,0.2125,284.5536
3,2025-04-29 21:45:52.764634,0.5797,0.5229,2.9357
1,2025-04-29 21:45:52.764634,0.4516,0.5208,95.1428
17,2025-04-29 21:45:52.896004,0.3016,0.2125,284.5536
3,2025-04-29 21:45:52.896004,0.5797,0.5229,2.9357
1,2025-04-29 21:45:52.896004,0.4516,0.5208,95.1428
17,2025-04-29 21:45:53.029993,0.3016,0.2125,284.5536
3,2025-04-29 21:45:53.029993,0.5797,0.5229,2.9357
1,2025-04-29 21:45:53.029993,0.4516,0.5208,95.1428
17,2025-04-29 21:45:53.150537,0.3016,0.2125,284.5536
3,2025-04-29 21:45:53.150537,0.5797,0.5229,5.856
1,2025-04-29 21:45:53.150537,0.4516,0.5208,95.1428
17,2025-04-29 21:45:53.258293,0.3016,0.2125,284.5536
3,2025-04-29 21:45:53.258293,0.5797,0.5229,5.856
1,2025-04-29 21:45:53.258293,0.4516,0.5208,95.1428
17,2025-04-29 21:45:53.426406,0.3016,0.2125,284.5536
3,2025-04-29 21:45:53.426406,0.5797,0.5229,2.9357
1,2025-04-29 21:45:53.426406,0.4516,0.5208,95.1428
17,2025-04-29 21:45:53.534981,0.3016,0.2125,284.5536
3,2025-04-29 21:45:53.534981,0.5797,0.5229,2.9357
1,2025-04-29 21:45:53.534981,0.4516,0.5208,95.1428
17,2025-04-29 21:45:53.690982,0.3016,0.2125,284.5536
3,2025-04-29 21:45:53.690982,0.5797,0.5229,2.9357
1,2025-04-29 21:45:53.690982,0.4516,0.5208,95.1428
17,2025-04-29 21:45:53.867283,0.3016,0.2125,284.5536
3,2025-04-29 21:45:53.867283,0.5797,0.5229,2.9357
1,2025-04-29 21:45:53.867283,0.4516,0.5208,95.1428
17,2025-04-29 21:45:54.286851,0.3016,0.2125,284.5536
3,2025-04-29 21:45:54.286851,0.5797,0.5229,2.9357
1,2025-04-29 21:45:54.286851,0.4516,0.5208,95.1428
17,2025-04-29 21:45:54.766703,0.3016,0.2125,284.5536
3,2025-04-29 21:45:54.766703,0.5797,0.5229,2.9357
1,2025-04-29 21:45:54.766703,0.4516,0.5208,95.1428
17,2025-04-29 21:45:55.039341,0.3016,0.2125,284.5536
3,2025-04-29 21:45:55.039341,0.5797,0.5229,2.9357
1,2025-04-29 21:45:55.039341,0.4516,0.5208,95.1428
17,2025-04-29 21:45:55.415645,0.3016,0.2125,284.5536
3,2025-04-29 21:45:55.415645,0.5797,0.5229,2.9357
1,2025-04-29 21:45:55.415645,0.4516,0.5208,95.1428
17,2025-04-29 21:45:55.848187,0.3016,0.2125,284.5536
3,2025-04-29 21:45:55.848187,0.5797,0.5229,2.9357
1,2025-04-29 21:45:55.848187,0.4516,0.5208,95.1428
17,2025-04-29 21:45:56.306434,0.3016,0.2125,284.5536
3,2025-04-29 21:45:56.306434,0.5797,0.5229,2.9357
1,2025-04-29 21:45:56.306434,0.4516,0.5208,95.1428
17,2025-04-29 21:45:56.517128,0.3016,0.2125,284.5536
3,2025-04-29 21:45:56.517128,0.5797,0.5229,2.9357
1,2025-04-29 21:45:56.517128,0.4516,0.5208,95.1428
17,2025-04-29 21:45:57.105518,0.3016,0.2125,284.5536
3,2025-04-29 21:45:57.105518,0.5797,0.5229,5.856
1,2025-04-29 21:45:57.105518,0.4516,0.5208,95.1428
17,2025-04-29 21:45:57.335399,0.3016,0.2125,284.5536
3,2025-04-29 21:45:57.335399,0.5797,0.5229,2.9357
1,2025-04-29 21:45:57.335399,0.4516,0.5208,95.1428
17,2025-04-29 21:45:57.639305,0.3016,0.2125,284.5536
3,2025-04-29 21:45:57.639305,0.5797,0.5229,2.9357
1,2025-04-29 21:45:57.639305,0.4516,0.5208,95.1428
17,2025-04-29 21:45:57.976112,0.3016,0.2125,284.5536
3,2025-04-29 21:45:57.976112,0.5797,0.5229,2.9357
1,2025-04-29 21:45:57.976112,0.4516,0.5208,95.1428
17,2025-04-29 21:45:58.443391,0.3016,0.2146,284.5536
3,2025-04-29 21:45:58.443391,0.5797,0.5229,2.9357
1,2025-04-29 21:45:58.443391,0.4516,0.5208,95.1428
17,2025-04-29 21:45:58.731740,0.3016,0.2125,284.5536
3,2025-04-29 21:45:58.731740,0.5797,0.5229,2.9357
1,2025-04-29 21:45:58.731740,0.4516,0.5208,95.1428
17,2025-04-29 21:45:59.514899,0.3016,0.2125,284.5536
3,2025-04-29 21:45:59.514899,0.5797,0.5229,2.9357
1,2025-04-29 21:45:59.514899,0.4516,0.5208,95.1428
17,2025-04-29 21:45:59.937988,0.3016,0.2125,284.5536
3,2025-04-29 21:45:59.937988,0.5797,0.5229,5.856
1,2025-04-29 21:45:59.937988,0.4516,0.5208,95.1428
17,2025-04-29 21:46:00.098872,0.3016,0.2125,284.5536
3,2025-04-29 21:46:00.098872,0.5797,0.5229,2.9357
1,2025-04-29 21:46:00.098872,0.4516,0.5208,95.1428
17,2025-04-29 21:46:00.344921,0.3016,0.2125,284.5536
3,2025-04-29 21:46:00.344921,0.5797,0.5229,2.9357
1,2025-04-29 21:46:00.344921,0.4516,0.5208,95.1428
17,2025-04-29 21:46:00.502560,0.3016,0.2125,284.5536
3,2025-04-29 21:46:00.502560,0.5797,0.5229,2.9357
1,2025-04-29 21:46:00.502560,0.4516,0.5208,95.1428
17,2025-04-29 21:46:00.617009,0.3016,0.2125,284.5536
3,2025-04-29 21:46:00.617009,0.5797,0.5229,2.9357
1,2025-04-29 21:46:00.617009,0.4516,0.5208,95.1428
17,2025-04-29 21:46:01.240163,0.3016,0.2125,284.5536
3,2025-04-29 21:46:01.240163,0.5797,0.5229,5.856
1,2025-04-29 21:46:01.240163,0.4516,0.5208,95.1428
17,2025-04-29 21:46:01.636878,0.3016,0.2125,284.5536
3,2025-04-29 21:46:01.636878,0.5797,0.5229,5.856
1,2025-04-29 21:46:01.636878,0.4516,0.5208,95.1428
17,2025-04-29 21:46:02.355786,0.3016,0.2125,284.5536
3,2025-04-29 21:46:02.355786,0.5797,0.5229,5.856
1,2025-04-29 21:46:02.355786,0.4516,0.5208,95.1428
17,2025-04-29 21:46:02.543611,0.3016,0.2125,284.5536
3,2025-04-29 21:46:02.543611,0.5797,0.5229,2.9357
1,2025-04-29 21:46:02.543611,0.4516,0.5208,95.1428
17,2025-04-29 21:46:02.759995,0.3016,0.2125,284.5536
3,2025-04-29 21:46:02.759995,0.5797,0.5229,2.9357
1,2025-04-29 21:46:02.759995,0.4516,0.5188,95.1428
17,2025-04-29 21:46:03.168407,0.3016,0.2125,284.5536
3,2025-04-29 21:46:03.168407,0.5797,0.5229,2.9357
17,2025-04-29 21:46:03.367977,0.3016,0.2125,284.5536
3,2025-04-29 21:46:03.367977,0.5797,0.5229,2.9357
1,2025-04-29 21:46:03.367977,0.4047,0.5125,95.3558
1,2025-04-29 21:46:03.581271,0.4047,0.5083,95.3558
17,2025-04-29 21:46:03.820815,0.3016,0.2125,284.5536
3,2025-04-29 21:46:03.820815,0.5797,0.5208,5.856
1,2025-04-29 21:46:03.820815,0.4047,0.5104,96.8428
17,2025-04-29 21:46:04.570758,0.3016,0.2125,284.5536
3,2025-04-29 21:46:04.570758,0.5797,0.5229,2.9357
1,2025-04-29 21:46:04.570758,0.4047,0.5125,95.3558
17,2025-04-29 21:46:05.008996,0.3016,0.2125,284.5536
3,2025-04-29 21:46:05.008996,0.5797,0.5229,2.9357
1,2025-04-29 21:46:05.008996,0.4047,0.5104,95.3558
17,2025-04-29 21:46:05.417905,0.3016,0.2125,284.5536
3,2025-04-29 21:46:05.417905,0.5797,0.5229,2.9357
1,2025-04-29 21:46:05.417905,0.4047,0.5125,95.3558
17,2025-04-29 21:46:05.762771,0.3016,0.2125,284.5536
3,2025-04-29 21:46:05.762771,0.5797,0.5229,2.9357
1,2025-04-29 21:46:05.762771,0.4047,0.5104,95.3558
17,2025-04-29 21:46:06.139319,0.3016,0.2125,284.5536
3,2025-04-29 21:46:06.139319,0.5797,0.5229,2.9357
1,2025-04-29 21:46:06.139319,0.4047,0.5125,95.3558
17,2025-04-29 21:46:06.306449,0.3016,0.2125,284.5536
3,2025-04-29 21:46:06.306449,0.5797,0.5229,2.9357
1,2025-04-29 21:46:06.306449,0.4047,0.5125,95.3558
17,2025-04-29 21:46:06.772158,0.3016,0.2125,284.5536
3,2025-04-29 21:46:06.772158,0.5797,0.5229,2.9357
1,2025-04-29 21:46:06.772158,0.4047,0.5104,95.3558
17,2025-04-29 21:46:07.141851,0.3016,0.2125,284.5536
3,2025-04-29 21:46:07.141851,0.5797,0.5229,2.9357
1,2025-04-29 21:46:07.141851,0.4047,0.5104,95.3558
